0,1,2,3
1,0,"{'0': 984, '1': 16}",['sXH']
1,0,"{'0': 990, '1': 10}",['XH']
1,0,"{'0': 987, '1': 13}",['XSH']
1,0,"{'0': 993, '1': 7}",['sXH']
1,0,"{'0': 994, '1': 6}",['SH']
1,0,"{'0': 993, '1': 7}",['YS']
1,0,"{'0': 977, '1': 23}",['XHSX']
1,0,"{'0': 990, '1': 10}",['SH']
1,0,"{'0': 983, '1': 17}",['HY']
1,0,"{'0': 990, '1': 10}",['Y']
2,1,"{'0': 972, '1': 28}","['S', 'YH']"
2,1,"{'0': 965, '1': 35}","['S', 'YH']"
2,1,"{'0': 984, '1': 16}","['ZSH', 'XsH']"
2,1,"{'0': 986, '1': 14}","['XSH', 'SH']"
2,1,"{'0': 981, '1': 19}","['XSH', 'XsH']"
2,1,"{'0': 992, '1': 8}","['XHSX', 'I']"
2,1,"{'0': 988, '1': 12}","['X', 'XS']"
2,1,"{'0': 911, '1': 89}","['Y', 'YH']"
2,1,"{'0': 984, '1': 16}","['XSH', 'ZH']"
2,1,"{'0': 982, '1': 18}","['sXH', 'XHSX']"
5,4,"{'0': 979, '1': 21}","['sXH', 'Z', 's', 'sH', 'SH']"
5,4,"{'0': 956, '1': 44}","['HX', 'sH', 'YH', 'YSH', 'XHSX']"
5,4,"{'0': 962, '1': 38}","['S', 'YH', 'HS', 'XHSX', 'YSH']"
5,4,"{'0': 976, '1': 24}","['XS', 's', 'XH', 'ZH', 'XHSX']"
5,4,"{'0': 983, '1': 17}","['HY', 'Z', 'SH', 'I', 'XS']"
5,4,"{'0': 974, '1': 26}","['YS', 'XH', 'Z', 'H', 's']"
5,4,"{'0': 976, '1': 24}","['XSH', 'HX', 'sH', 'HX', 'ZSH']"
5,4,"{'0': 910, '1': 90}","['YSH', 'HY', 'Y', 'XHSX', 's']"
5,4,"{'0': 940, '1': 60}","['XsH', 'H', 'YH', 'YS', 'HX']"
5,4,"{'0': 964, '1': 36}","['H', 'YSH', 'ZSH', 'I', 'S']"
10,9,"{'0': 962, '1': 38}","['Z', 'X', 'ZSH', 'XHSX', 'ZSH', 'ZSH', 'S', 'HS', 'H', 'ZH']"
10,9,"{'0': 941, '1': 59}","['HY', 'XHSX', 'SH', 'XSH', 'YH', 'H', 'sH', 'HS', 'S', 'S']"
10,9,"{'0': 943, '1': 57}","['Hs', 'H', 'HX', 'Y', 'XH', 'HX', 'HS', 'ZSH', 's', 'X']"
10,9,"{'0': 935, '1': 65}","['HS', 'XsH', 'ZSH', 'YH', 'ZH', 'I', 'I', 'XSH', 'Y', 'HX']"
10,9,"{'0': 931, '1': 69}","['ZSH', 'HS', 'YSH', 'X', 'HY', 'Z', 'YH', 'SH', 'sH', 's']"
10,9,"{'0': 961, '1': 39}","['Hs', 'XSH', 'S', 's', 'ZH', 'Hs', 'ZH', 'sXH', 'Hs', 'H']"
10,9,"{'0': 930, '1': 70}","['XsH', 'XsH', 'YS', 'YH', 'YS', 'Hs', 'HS', 'XSH', 'S', 'sH']"
10,9,"{'0': 947, '1': 53}","['S', 'H', 'Hs', 'ZSH', 'Hs', 'S', 'HY', 'sXH', 'sXH', 'XsH']"
10,9,"{'0': 953, '1': 47}","['sXH', 'Y', 'XSH', 'XsH', 'YS', 'H', 'XHSX', 'HY', 's', 'XsH']"
10,9,"{'0': 965, '1': 35}","['ZH', 'HS', 'ZSH', 'X', 'XS', 'H', 'XSH', 'X', 'XH', 'Z']"
20,19,"{'0': 949, '1': 51}","['sXH', 'Hs', 'YS', 'XS', 'XHSX', 'Hs', 'X', 's', 'Z', 'XHSX', 'YS', 'S', 'sH', 'YSH', 'sH', 'Z', 'Y', 'HS', 's', 's']"
20,19,"{'0': 900, '1': 100}","['Y', 'ZSH', 'HS', 'Z', 'sXH', 'S', 'YH', 'sH', 'XSH', 'I', 'ZH', 'ZSH', 'Hs', 'Z', 'H', 'sH', 'YSH', 'sXH', 'ZH', 'YS']"
20,19,"{'0': 923, '1': 77}","['X', 'HS', 'XsH', 'sH', 'Z', 'SH', 'S', 'H', 'ZSH', 'ZH', 'H', 's', 'XH', 'XsH', 'YS', 's', 'SH', 'XH', 'sH', 'I']"
20,19,"{'0': 897, '1': 103}","['XSH', 'Hs', 'Hs', 'sXH', 'I', 'YSH', 'XsH', 'XHSX', 'YS', 'XSH', 'XHSX', 'XHSX', 'S', 'ZH', 'ZSH', 'sXH', 'HX', 'YH', 'YSH', 'HX']"
20,19,"{'0': 866, '1': 134}","['Y', 'YH', 'sH', 'Z', 'sXH', 'XH', 'XS', 'SH', 'YS', 'S', 'HX', 'H', 'XH', 'Hs', 'H', 'HY', 'XH', 'SH', 'I', 's']"
20,19,"{'0': 854, '1': 146}","['XSH', 'HY', 'YS', 's', 'YS', 'I', 'X', 'HX', 'XHSX', 'ZSH', 'HS', 'HS', 'ZSH', 'XHSX', 'I', 'HS', 'XSH', 'ZH', 'HY', 'I']"
20,19,"{'0': 913, '1': 87}","['Z', 'sH', 'YS', 'SH', 'I', 'YSH', 'XSH', 'Y', 'HX', 'sXH', 'Z', 'ZSH', 'Y', 's', 'S', 'S', 'Y', 'YH', 'sXH', 'YSH']"
20,19,"{'0': 876, '1': 124}","['SH', 'YS', 'Hs', 'S', 'YS', 'Z', 'S', 'X', 'X', 'XsH', 'XsH', 'I', 'YS', 'Z', 'HS', 'ZH', 'ZH', 'Y', 'SH', 'YH']"
20,19,"{'0': 902, '1': 98}","['XS', 'XsH', 'YSH', 'SH', 'I', 'YSH', 'YSH', 's', 'I', 'XH', 'ZH', 'Y', 'YH', 'S', 'HX', 'Hs', 'S', 'HS', 's', 'Hs']"
20,19,"{'0': 867, '1': 133}","['YS', 'YS', 'HY', 's', 'Hs', 'H', 'XS', 'I', 'XS', 'XH', 'I', 'ZH', 'Z', 'HS', 'sXH', 'XH', 'XSH', 'ZSH', 'Hs', 'HX']"
50,49,"{'1': 217, '0': 783}","['s', 'YH', 'HY', 'Hs', 'sH', 'SH', 'HX', 'HS', 'H', 'HX', 'YS', 'ZSH', 'SH', 'XH', 'S', 'HY', 'I', 'ZH', 'XHSX', 'XH', 'Z', 'sXH', 'HX', 'X', 'YSH', 'Hs', 'YSH', 'XsH', 'XSH', 'S', 'Hs', 'SH', 'Y', 's', 'Hs', 'YH', 'HY', 'Z', 'ZH', 'X', 'XH', 'YH', 'YS', 'ZSH', 'H', 'Hs', 'XH', 'I', 'XSH', 'Hs']"
50,49,"{'1': 292, '0': 708}","['ZH', 'YS', 's', 'XsH', 'X', 'YS', 'XHSX', 'HY', 'sXH', 'YSH', 'YH', 'XH', 'X', 'ZSH', 'XH', 'Y', 'sH', 'ZH', 'H', 'HS', 'Hs', 'sXH', 'YSH', 'SH', 's', 'HX', 'Hs', 'YSH', 'Y', 'Y', 'S', 'Z', 'YS', 'YS', 'XsH', 'Z', 'X', 'XsH', 'YS', 'HS', 'H', 'ZH', 'Y', 'XSH', 'HS', 'XSH', 'X', 'HY', 'YH', 'H']"
50,49,"{'0': 794, '1': 206}","['YSH', 'SH', 'S', 'I', 'HS', 'XsH', 'YSH', 'SH', 'XS', 'Hs', 'HX', 'ZH', 'sH', 'ZH', 'XS', 'XHSX', 'XS', 'ZH', 'HX', 'X', 'sXH', 'sXH', 'HY', 'HX', 'ZH', 'Hs', 'Z', 'ZH', 'XS', 'SH', 'Hs', 'sXH', 'XH', 'S', 'S', 'XSH', 'ZH', 'YSH', 'H', 'YH', 'XHSX', 'HY', 'X', 'ZH', 'XHSX', 'I', 'HS', 'XS', 'Hs', 'Y']"
50,49,"{'0': 791, '1': 209}","['X', 'I', 'ZH', 'XHSX', 'SH', 'SH', 'S', 'SH', 'HS', 'sXH', 'Hs', 'YSH', 'YH', 'Hs', 'sH', 'SH', 'Y', 'I', 'YH', 'HX', 'HY', 'S', 'ZSH', 'Z', 'YSH', 'H', 'XSH', 'Hs', 'XSH', 'SH', 'HS', 'ZSH', 'Z', 'YS', 'Y', 'S', 'H', 'SH', 'sXH', 'YS', 'Y', 'HY', 'XHSX', 'ZH', 'XSH', 'ZSH', 'XsH', 'XHSX', 'I', 'ZH']"
50,49,"{'0': 748, '1': 252}","['ZH', 'H', 'Y', 'HS', 'Z', 'YSH', 'sH', 'Z', 'H', 'ZSH', 'YH', 'I', 'XHSX', 'ZSH', 'I', 'S', 'sXH', 'YS', 'YSH', 'XH', 'Y', 'HY', 'sXH', 'I', 'XsH', 'sXH', 'sH', 'Y', 'XHSX', 'HS', 'X', 'ZSH', 'XSH', 'HS', 'XSH', 'Z', 'Z', 'XH', 'Y', 'Hs', 'sXH', 'S', 'YS', 'HY', 'ZSH', 'HX', 'YH', 'XHSX', 'YS', 'XsH']"
50,49,"{'1': 345, '0': 655}","['Y', 'ZSH', 'HX', 'XS', 'YS', 'S', 'XS', 'Z', 'HY', 'YS', 'XH', 's', 'YS', 'XH', 's', 'Z', 'YH', 'XHSX', 'sXH', 'ZSH', 'HX', 'S', 'sH', 'XHSX', 'Y', 'YSH', 'SH', 'Y', 'YS', 'X', 'HS', 'Z', 'YH', 'HX', 'HY', 'sXH', 'XHSX', 'sXH', 'sH', 'sH', 'S', 'sXH', 'XSH', 'XSH', 'I', 'Y', 'YSH', 'XHSX', 'HY', 'HX']"
50,49,"{'0': 763, '1': 237}","['XSH', 's', 'XH', 'Hs', 'X', 'XSH', 'YS', 'ZH', 'I', 'XH', 'YS', 'YS', 'XH', 'Y', 'HY', 's', 's', 'sXH', 'ZSH', 'X', 'sXH', 'I', 'sH', 'SH', 'I', 'I', 'XSH', 'sXH', 'ZH', 'ZSH', 'XS', 'YS', 'XsH', 'X', 'H', 'ZH', 'Y', 'XsH', 'S', 'YS', 'HX', 'S', 'YSH', 'ZSH', 'S', 'Hs', 'Z', 'Z', 'I', 'YSH']"
50,49,"{'0': 807, '1': 193}","['XH', 'ZSH', 'YS', 'YS', 'YH', 'ZH', 'HS', 's', 'sXH', 'Z', 'HY', 'XS', 'XH', 'XsH', 'YH', 'H', 'H', 's', 'sXH', 'sH', 'YH', 'Hs', 'Hs', 'HX', 'sH', 'ZSH', 'HX', 'HS', 'S', 's', 'ZSH', 'YS', 'XHSX', 'YSH', 'YS', 'sXH', 'X', 'YSH', 'X', 's', 'ZH', 'XSH', 'YH', 'sH', 'S', 'I', 'Y', 'Z', 'H', 'S']"
50,49,"{'0': 707, '1': 293}","['XsH', 'ZH', 'XSH', 'HX', 'SH', 'XH', 'HS', 'ZSH', 'Hs', 'HX', 'YS', 'XsH', 'HX', 'SH', 'XHSX', 'Hs', 'Hs', 'XH', 'HY', 'XSH', 'HX', 'ZH', 'XH', 'XHSX', 'XH', 'YH', 'SH', 'sH', 'HX', 'Y', 'YSH', 'Z', 'YH', 's', 'YSH', 'YS', 'XHSX', 'HS', 'Hs', 'XHSX', 'YS', 'YS', 'XSH', 'HY', 'SH', 'XH', 'ZSH', 'Z', 's', 'sXH']"
50,49,"{'0': 741, '1': 259}","['XSH', 'XSH', 'XSH', 'YSH', 'ZSH', 'sH', 'ZH', 'HX', 'HS', 'Hs', 'SH', 'SH', 'XSH', 'ZH', 'SH', 'S', 'sH', 'XsH', 'S', 'ZH', 'HS', 'Z', 'HS', 'Y', 'Z', 'XH', 'S', 'XSH', 'XHSX', 'HY', 'YH', 'YH', 'Z', 'HY', 'YS', 'Hs', 'HX', 'YSH', 'Hs', 'XsH', 'Z', 'H', 'Z', 'HX', 'S', 'Hs', 'sXH', 'X', 'ZH', 'XHSX']"
100,99,"{'0': 626, '1': 374}","['XHSX', 'HS', 'Hs', 'HX', 'ZH', 'XsH', 'X', 'XSH', 'Z', 'YS', 'XHSX', 'Y', 'Hs', 'XsH', 'ZH', 'Y', 'XsH', 'YH', 'HX', 'S', 'XHSX', 'YS', 'HY', 'YS', 'Y', 'XHSX', 'XHSX', 'XS', 'I', 'S', 'S', 'HX', 'Y', 'XSH', 'YH', 'XsH', 'HS', 'Z', 'HY', 'YS', 'Y', 'HY', 'ZSH', 'XH', 'XHSX', 'X', 'ZH', 'HS', 'Hs', 'XS', 'Z', 'ZSH', 'H', 'YSH', 'Hs', 'Z', 'XSH', 'H', 'Hs', 'ZSH', 'YSH', 'Z', 'ZH', 'YSH', 'XSH', 'H', 'sH', 'XSH', 'XH', 'X', 'YS', 'X', 'Y', 'S', 'Hs', 'Y', 'SH', 'sXH', 'Hs', 'sXH', 'Z', 'Z', 'sXH', 'XsH', 'HY', 'YS', 'I', 'SH', 'HY', 'XH', 's', 'XS', 'HY', 'XSH', 'XS', 'HY', 'ZSH', 'ZH', 'Y', 's']"
100,99,"{'0': 685, '1': 315}","['Z', 'SH', 'XS', 'HY', 'X', 'ZSH', 'I', 'ZSH', 'HS', 'ZSH', 'I', 'Hs', 's', 'I', 'I', 'YH', 'ZSH', 'Z', 'HS', 'H', 'XS', 'ZSH', 'Z', 'S', 'sXH', 'sXH', 'YSH', 'XS', 'YS', 'XH', 'X', 'Y', 'XHSX', 'YSH', 'S', 'XS', 'XHSX', 'Y', 'ZH', 'XS', 'XSH', 'S', 'Hs', 's', 's', 'XS', 'XH', 'XHSX', 'HS', 'XH', 'HS', 'HX', 'XsH', 'XH', 's', 's', 'Y', 'Y', 'X', 'XsH', 'ZSH', 'sXH', 'sH', 'XH', 'sH', 'Z', 'YS', 'HX', 's', 'XsH', 'XH', 'HY', 'Z', 'HX', 'ZH', 'YSH', 'YS', 'YH', 'sH', 'XSH', 'YH', 'H', 'HS', 'ZH', 'XH', 'YSH', 'sH', 'Y', 'XH', 'sXH', 'XsH', 'XS', 'Z', 'XH', 's', 'Hs', 'HX', 'XS', 'Z', 'XS']"
100,99,"{'0': 569, '1': 431}","['Z', 'HS', 'Z', 'I', 'XS', 's', 'YSH', 'S', 'XH', 'Y', 'YS', 'HY', 'HX', 'ZH', 'Hs', 'XSH', 'Z', 'YS', 'XsH', 's', 'XSH', 'sXH', 'ZH', 'Hs', 'XH', 'H', 'YH', 'X', 'HS', 'Hs', 'XHSX', 'XSH', 'XS', 'ZSH', 'Y', 'YS', 'S', 'XSH', 'X', 'Hs', 'XSH', 'S', 'YH', 'SH', 'YS', 'H', 'S', 'XH', 'sH', 'SH', 'HS', 'HX', 'Z', 'HS', 'XSH', 'HX', 'SH', 'XsH', 'sXH', 'XSH', 'XS', 'XHSX', 'XSH', 'XHSX', 'HY', 'HS', 'XS', 'sH', 'XSH', 'XS', 'Z', 'HY', 'sH', 'Y', 'ZH', 'YSH', 'Y', 'HY', 'ZH', 'XH', 'HY', 'YS', 'XS', 'sH', 'HY', 'Z', 'Y', 'YS', 'X', 'YH', 'YS', 'Z', 'SH', 'H', 'XHSX', 'Hs', 'YS', 'sH', 'SH', 'XS']"
100,99,"{'0': 620, '1': 380}","['YS', 'S', 'HX', 'X', 'XSH', 'I', 'S', 'Hs', 'sH', 'HY', 's', 'XH', 'YSH', 'XS', 'HX', 'Z', 'YSH', 'HS', 'H', 'Hs', 'X', 'ZH', 'H', 'HS', 'ZSH', 'X', 'XH', 's', 'YSH', 'Z', 'XH', 'ZSH', 'YSH', 'XS', 'HX', 'SH', 'XSH', 'I', 'X', 'sH', 'Y', 'H', 'Y', 'YSH', 'SH', 'XsH', 'I', 'S', 'Hs', 'sH', 'Hs', 'XH', 'XSH', 'X', 'XS', 'XSH', 's', 'HY', 'ZSH', 'XH', 'I', 'HX', 'SH', 'XSH', 'YS', 'YSH', 'Z', 'HX', 'XSH', 'XHSX', 'HX', 'YSH', 'ZSH', 'sXH', 'I', 'sH', 'S', 'I', 'Z', 'HS', 'sXH', 'XsH', 'H', 'ZH', 'XH', 'XsH', 'YS', 'YS', 'YSH', 'Hs', 'H', 'XS', 'I', 'ZSH', 'ZH', 'XS', 'ZH', 'XsH', 'sH', 'XS']"
100,99,"{'1': 345, '0': 655}","['ZSH', 'I', 'SH', 's', 'XH', 'SH', 'ZH', 'I', 'Hs', 'Y', 'Hs', 'XsH', 'ZSH', 'HY', 'YSH', 'SH', 'S', 'XHSX', 'XHSX', 'HY', 'S', 'sH', 'XH', 's', 'sXH', 'YH', 'YS', 'X', 'HS', 'SH', 'HY', 'sXH', 'XsH', 'ZH', 'HX', 'HX', 'XsH', 'ZH', 'XS', 'HX', 'SH', 'I', 'ZSH', 'X', 'sH', 'S', 'HS', 'ZH', 'HX', 's', 'HY', 'YH', 'H', 'X', 'ZSH', 'YSH', 'XHSX', 'I', 'sH', 'ZSH', 'HX', 'ZSH', 'sXH', 'XSH', 'H', 'SH', 'HS', 'X', 'X', 'ZH', 'XsH', 'ZSH', 'H', 'S', 'XsH', 'HY', 'S', 'HY', 'HY', 'HS', 'XHSX', 'HX', 'XHSX', 'HX', 'H', 'H', 's', 's', 'XSH', 'XHSX', 'XS', 'SH', 'HY', 'ZH', 'XHSX', 'ZH', 'XSH', 'YS', 'YS', 's']"
100,99,"{'1': 321, '0': 679}","['SH', 'XsH', 'Y', 'XSH', 'HX', 'Y', 'YS', 'XS', 'XHSX', 'HX', 'Y', 'S', 'sH', 'XsH', 'sH', 'YS', 'YH', 'XHSX', 'XHSX', 'I', 's', 'YH', 'XHSX', 'I', 'HY', 'Y', 'I', 'X', 'YH', 'HX', 'Hs', 'H', 'S', 'XS', 'HX', 'ZH', 'I', 'ZSH', 'ZH', 'sXH', 'XH', 'Y', 'HS', 'SH', 'ZH', 'Z', 'XH', 'XH', 'Hs', 'XH', 'HX', 'XHSX', 'YSH', 'XH', 'XH', 'ZH', 'X', 's', 'X', 'Y', 'sH', 'Z', 'Y', 'SH', 'HX', 'YH', 'XS', 'XsH', 'YSH', 'XH', 'HS', 'Y', 'HX', 'S', 'S', 'ZH', 'YH', 'sH', 'YSH', 'HY', 'S', 'HX', 'YH', 'YSH', 'I', 'X', 'Hs', 'XsH', 'I', 'Z', 'H', 'YS', 'X', 'HY', 'sH', 's', 'sH', 'YSH', 'HX', 'S']"
100,99,"{'0': 723, '1': 277}","['Z', 'Y', 'sXH', 'HX', 'XsH', 'sH', 'ZSH', 'ZH', 'I', 'XH', 'Hs', 'HX', 'YS', 'sXH', 'Z', 'Z', 'ZH', 'XS', 'ZSH', 'sXH', 'I', 's', 's', 'XS', 'XsH', 'YH', 'YSH', 'HX', 'HX', 'XHSX', 'XH', 'S', 'X', 'ZH', 'S', 'sXH', 'HS', 'XSH', 'SH', 'YSH', 'HS', 'XHSX', 'XsH', 'HX', 'X', 'X', 'XH', 'H', 'sXH', 's', 'sH', 'Y', 'ZSH', 'I', 'XH', 'XS', 'XH', 'S', 'YH', 'sH', 'XHSX', 'I', 's', 'XSH', 'XsH', 'sH', 'sXH', 'XSH', 'HS', 'I', 'YS', 'HX', 'YSH', 'XH', 'YSH', 'HX', 'ZH', 'XH', 'S', 'sXH', 'XH', 'sH', 'XSH', 'YS', 'YH', 'XHSX', 'sXH', 'YS', 'HY', 'SH', 'I', 'XH', 'S', 'XS', 'Hs', 'sH', 'XH', 'Y', 'H', 'HX']"
100,99,"{'0': 616, '1': 384}","['XsH', 'ZH', 'X', 'sXH', 'ZSH', 'Z', 'Y', 'XH', 'H', 'S', 'HX', 'XsH', 's', 'H', 'sXH', 'HS', 'Y', 'Z', 'XHSX', 'YS', 'XsH', 'YSH', 'HX', 'Hs', 'sH', 'Z', 'SH', 'SH', 'sXH', 'XHSX', 'HY', 'XHSX', 'ZSH', 'YH', 'sH', 'Hs', 'sH', 'YH', 's', 's', 'XH', 's', 'YS', 'YSH', 'HS', 'XsH', 'XsH', 'HY', 'YSH', 'YSH', 'I', 'sXH', 'HX', 'H', 'HY', 'Y', 'XHSX', 'ZH', 'ZSH', 'X', 'XHSX', 'HS', 'HY', 'XS', 'XH', 'YS', 'YS', 'SH', 'sXH', 'HS', 'XSH', 'HY', 'HX', 'sH', 'HX', 'HS', 'HS', 'ZH', 'sH', 'I', 'YS', 'XH', 'HS', 'SH', 'Y', 'XHSX', 'XS', 'ZSH', 'sH', 'XS', 'I', 'XSH', 'Hs', 'YS', 'H', 'XS', 'X', 'X', 'S', 'Z']"
100,99,"{'1': 380, '0': 620}","['ZSH', 'XHSX', 'HY', 'XHSX', 's', 'XS', 'S', 'ZSH', 'YSH', 'HX', 'sH', 'Hs', 'HY', 'sXH', 'HS', 'XSH', 'sH', 'XSH', 'H', 's', 'YS', 'H', 'SH', 'I', 'sH', 'ZSH', 'ZSH', 'ZSH', 'HS', 'S', 'X', 'HX', 'Hs', 'ZSH', 'ZH', 'YH', 'SH', 'HY', 'Y', 'XH', 'HX', 'HY', 'ZSH', 'XS', 'X', 'XSH', 'XHSX', 'HS', 'XsH', 'Z', 'HS', 's', 'Hs', 'H', 'HY', 'HY', 'YSH', 'HX', 'sH', 'H', 'Y', 'ZH', 'Y', 'I', 'HY', 'I', 'XHSX', 'HY', 'I', 'XsH', 'ZSH', 'HS', 'YSH', 'S', 'XSH', 'Y', 'sH', 'HS', 'YSH', 'XSH', 'H', 'YSH', 'ZH', 'sXH', 'sXH', 'HY', 'Hs', 'S', 'YH', 'YSH', 'I', 'HS', 'ZSH', 's', 'I', 'ZH', 'XsH', 'Z', 'HY', 'YS']"
100,99,"{'1': 352, '0': 648}","['XSH', 'XS', 'I', 'XS', 'Y', 'YSH', 'X', 'sXH', 'XS', 's', 'XS', 'ZSH', 'XHSX', 'YH', 'H', 'S', 'HY', 'sXH', 'HS', 'XHSX', 'Hs', 'Y', 'XHSX', 'Hs', 'YSH', 'XS', 'HY', 'HX', 'H', 'X', 'HS', 'ZH', 's', 'XSH', 'XSH', 'XH', 'HY', 'sXH', 'H', 'XS', 'XH', 'ZH', 'sXH', 'H', 'X', 'Hs', 'XS', 'XH', 'XHSX', 'XHSX', 'HS', 'YH', 'XsH', 'ZSH', 'sXH', 'sXH', 'sXH', 'SH', 'YS', 'I', 'XS', 'Y', 'ZH', 'HX', 'S', 'I', 'I', 'ZSH', 'SH', 'SH', 'YSH', 'Z', 'YSH', 'sXH', 'I', 'YS', 'XHSX', 's', 'XS', 'H', 'YH', 'sXH', 'XSH', 'X', 'XH', 'XH', 'XsH', 'Z', 'Hs', 'S', 'YS', 'S', 'XSH', 'HX', 'HS', 'Y', 'XS', 'sXH', 'Z', 'YS']"
